rule_code,approval_code,rule_name,priority,conditions_json,explanation_tpl
RULE_MPCB_CTE,MPCB_CTE,Mandatory CTE for Polluting Sectors,10,"{""field"": ""pollutionCategory"", ""operator"": ""in"", ""value"": [""RED"", ""ORANGE"", ""GREEN""]}","Your industrial unit is classified under the {pollutionCategory} category by MPCB, mandating a Consent to Establish prior to any physical construction or machine installation under Section 25 of the Water Act 1974."
RULE_MPCB_CTO,MPCB_CTO,Mandatory CTO Prior to Commercial Production,10,"{""field"": ""pollutionCategory"", ""operator"": ""in"", ""value"": [""RED"", ""ORANGE"", ""GREEN""]}","With your plant classified under {pollutionCategory} category, commercial manufacturing cannot commence without an operational environmental license (CTO)."
RULE_DISH_FACTORY,DISH_FACT_LIC,Factories Act Threshold Rule,20,"{""and"": [{""field"": ""employeeCount"", ""operator"": "">="", ""value"": 10}, {""field"": ""powerRequirementKva"", ""operator"": "">"", ""value"": 0}]}","Your enterprise employs {employeeCount} workers and utilizes power, fulfilling the statutory definition of a factory under Section 2(m)(i) of the Factories Act, 1948."
RULE_FIRE_NOC_AREA,FIRE_PROVISIONAL_NOC,Fire Safety Clearance by Area/Sector,30,"{""or"": [{""field"": ""builtUpAreaSqm"", ""operator"": "">="", ""value"": 500}, {""field"": ""pollutionCategory"", ""operator"": ""in"", ""value"": [""RED"", ""ORANGE""]}]}","Your proposed built-up area of {builtUpAreaSqm} sq.m and {pollutionCategory} risk category mandates prior architectural review and Fire NOC under the Maharashtra Fire Prevention Act."
RULE_MIDC_PLAN,MIDC_BLDG_PLAN,MIDC Industrial Estate Building Clearance,15,"{""field"": ""isMidcArea"", ""operator"": ""=="", ""value"": true}","Since your industrial plot is located within an MIDC industrial estate ({midcEstateName}), building blueprint approval and commencement certificate must be obtained directly from MIDC Special Planning Authority (SPA)."
RULE_REVENUE_NA,REVENUE_NA_PERM,Non-Agricultural Conversion for Non-MIDC Private Land,15,"{""field"": ""isMidcArea"", ""operator"": ""=="", ""value"": false}","Your proposed setup is on private land outside MIDC territory, requiring statutory land use conversion to Non-Agricultural (Industrial) under Section 44 of Maharashtra Land Revenue Code 1966."
RULE_MSEDCL_HT,MSEDCL_HT_CONNECTION,High Voltage Load Sanction,25,"{""field"": ""powerRequirementKva"", ""operator"": "">="", ""value"": 100}","Your sanctioned power demand is {powerRequirementKva} kVA (>= 100 kVA), requiring a High Tension (HT 11kV/22kV/33kV) connection agreement with MSEDCL."
RULE_CGWA_GW,CGWA_GW_NOC,Industrial Groundwater Abstraction Clearance,20,"{""and"": [{""field"": ""waterSource"", ""operator"": ""=="", ""value"": ""GROUNDWATER""}, {""field"": ""waterRequirementKld"", ""operator"": "">"", ""value"": 10}]}","Drawing {waterRequirementKld} KLD of groundwater for commercial or industrial operations requires mandatory abstraction NOC from MWRRA / Central Ground Water Authority."
RULE_BOILER_REG,BOILER_REG,Steam Boiler Safety Certification,20,"{""field"": ""hasBoiler"", ""operator"": ""=="", ""value"": true}","Your facility utilizes an industrial steam boiler (capacity {boilerCapacityTph} TPH), requiring inspection, hydraulic testing, and statutory registration under the Indian Boilers Act, 1923."
