approval_code,department_code,name,name_marathi,stage,category,description,statutory_act,statutory_timeline_days,validity_period_months,renewal_required,required_doc_codes,fee_structure_details,external_portal_link
MPCB_CTE,MPCB,Consent to Establish (CTE),स्थापनेसाठी संमती,PRE_ESTABLISHMENT,NOC,Statutory consent before constructing or installing plant and machinery,"Water Act 1974, Air Act 1981",45,60,false,"DOC_PAN,DOC_PROJECT_REPORT,DOC_SITE_PLAN,DOC_POLLUTION_SCHEME","Tiered based on capital investment (Rs. 5,000 to Rs. 5,00,000)",https://ecmpcb.in
MPCB_CTO,MPCB,Consent to Operate (CTO),चालू करण्यासाठी संमती,PRE_OPERATION,LICENCE,Mandatory consent to commence commercial production,"Water Act 1974, Air Act 1981",45,36,true,"DOC_CTE_COPY,DOC_COMPLIANCE_REPORT,DOC_ETP_PHOTOGRAPHS,DOC_RAW_MATERIAL_DETAILS","Tiered based on capital investment",https://ecmpcb.in
DISH_FACT_LIC,DISH,Factory Registration and License,कारखाना नोंदणी व परवाना,PRE_OPERATION,LICENCE,Registration and license to operate industrial factory premises,Factories Act 1948 Section 6,30,12,true,"DOC_SITE_PLAN,DOC_STABILITY_CERTIFICATE,DOC_FLOW_CHART,DOC_DIRECTOR_LIST","Based on number of workers and installed BHP",https://dish.maharashtra.gov.in
FIRE_PROVISIONAL_NOC,FIRE,Provisional Fire Safety NOC,तात्पुरता अग्निशामक ना हरकत दाखला,PRE_ESTABLISHMENT,NOC,Preliminary clearance of building architectural plans from fire safety angle,Maharashtra Fire Prevention and Life Safety Measures Act 2006,21,12,false,"DOC_ARCHITECTURAL_DRAWING,DOC_7_12,DOC_SITE_LAYOUT","Based on built-up area (Rs. 10/sqm)",https://nfs.mahafireservice.gov.in
FIRE_FINAL_NOC,FIRE,Final Fire Safety NOC,अंतिम अग्निशामक ना हरकत दाखला,PRE_OPERATION,NOC,Final inspection and compliance certificate for fire safety installations,Maharashtra Fire Prevention and Life Safety Measures Act 2006,21,12,true,"DOC_PROVISIONAL_FIRE_NOC,DOC_FORM_A,DOC_FIRE_EQUIPMENT_TEST_REPORT","Nil after initial compliance scrutiny",https://nfs.mahafireservice.gov.in
MIDC_BLDG_PLAN,MIDC,Building Plan Approval & Commencement Certificate,इमारत आराखडा मंजुरी आणि प्रारंभ प्रमाणपत्र,PRE_ESTABLISHMENT,PERMISSION,Sanction of factory building blueprints within MIDC industrial area,MIDC Development Control Regulations,30,36,false,"DOC_LAND_ALLOTMENT_LETTER,DOC_STRUCTURAL_DRAWING,DOC_SOIL_INVESTIGATION","As per MIDC schedule of rates",https://midcindia.org
REVENUE_NA_PERM,REVENUE,Non-Agricultural (NA) Land Conversion,अकृषिक (NA) जमीन परवानगी,PRE_ESTABLISHMENT,PERMISSION,Permission to convert agricultural land parcel into industrial usage,Maharashtra Land Revenue Code 1966,45,0,false,"DOC_7_12,DOC_ZONE_CERTIFICATE,DOC_TILR_MEASUREMENT_PLAN","Conversion tax as per collector rate",https://mahabhumi.gov.in
MSEDCL_HT_CONNECTION,MSEDCL,High Tension (HT) Industrial Power Sanction,उच्च दाब औद्योगिक वीज जोडणी,PRE_OPERATION,PERMISSION,Load sanction and grid connectivity for high voltage industrial supply,Electricity Act 2003,15,0,false,"DOC_OWNERSHIP_PROOF,DOC_LOAD_CALCULATION,DOC_ELECTRICAL_INSPECTOR_CLEARANCE","Security deposit + Service line charges",https://www.mahadiscom.in
CGWA_GW_NOC,CGWA,Groundwater Abstraction NOC,भूजल उपसा ना हरकत प्रमाणपत्र,PRE_ESTABLISHMENT,NOC,Permission for extraction of groundwater for industrial consumption,MWRRA / CGWA Guidelines 2020,60,24,true,"DOC_HYDROGEOLOGICAL_REPORT,DOC_WATER_AUDIT_REPORT,DOC_RAINWATER_HARVESTING_PLAN","Regulatory fee based on daily KLD drawal",https://mwrra.org
BOILER_REG,BOILER,Boiler Registration & Inspection,बाष्पक नोंदणी व तपासणी,PRE_OPERATION,REGISTRATION,Statutory registration and inspection certificate for steam boiler,Indian Boilers Act 1923,30,12,true,"DOC_BOILER_MAKER_CERTIFICATE,DOC_PIPE_LAYOUT,DOC_WELDER_CERTIFICATE","Based on heating surface area in sq meters",https://boilers.maharashtra.gov.in
