code,name,name_marathi,description,portal_url,nodal_officer_email,sla_working_days
MPCB,Maharashtra Pollution Control Board,महाराष्ट्र प्रदूषण नियंत्रण मंडळ,Statutory pollution consents (CTE/CTO) under Water and Air Acts,https://ecmpcb.in,mpcb.support@maharashtra.gov.in,45
MIDC,Maharashtra Industrial Development Corporation,महाराष्ट्र औद्योगिक विकास महामंडळ,Land allotment, building plan approvals and water connection in industrial estates,https://midcindia.org,support@midcindia.org,30
DISH,Directorate of Industrial Safety and Health,औद्योगिक सुरक्षा व आरोग्य संचालनालय,Factory registration and licensing under Factories Act 1948,https://dish.maharashtra.gov.in,dish.helpdesk@maharashtra.gov.in,30
FIRE,Maharashtra Fire Services & Emergency Services,महाराष्ट्र अग्निशमन सेवा,Provisional and Final Fire NOC for industrial buildings,https://nfs.mahafireservice.gov.in,fire.noc@maharashtra.gov.in,21
MSEDCL,Maharashtra State Electricity Distribution Co. Ltd.,महाराष्ट्र राज्य विद्युत वितरण कंपनी,HT/LT industrial power connection and load sanction,https://www.mahadiscom.in,customercare@mahadiscom.in,15
REVENUE,Revenue and Forest Department,महसूल व वन विभाग,Non-Agricultural (NA) Land Permission, 7/12 extract certification,https://mahabhumi.gov.in,revenue.support@maharashtra.gov.in,45
LABOUR,Labour Department Government of Maharashtra,कामगार विभाग महाराष्ट्र शासन,Shop & Establishment registration, Contract Labour license,https://mahakamgar.maharashtra.gov.in,labour.commissioner@maharashtra.gov.in,15
CGWA,Central Ground Water Authority / MWRRA,महाराष्ट्र जलसंपत्ती नियमन प्राधिकरण,NOC for industrial ground water extraction,https://mwrra.org,groundwater.noc@maharashtra.gov.in,60
BOILER,Directorate of Steam Boilers Maharashtra,बाष्पके संचालनालय,Registration and inspection of industrial steam boilers,https://boilers.maharashtra.gov.in,boiler.inspector@maharashtra.gov.in,30
